,Original,Finetuned,Fisher,Retrain
0,0.9396083834335337,0.9426978957915831,0.9418420173680695,0.9396083834335337
