,Original,Finetuned,Fisher,Retrain
0,0.9388988171219471,0.9422389583865203,0.9412815930559101,0.9393881371798145
