,Original,Finetuned,Fisher,Retrain
0,0.9399412815930559,0.9430474002212578,0.9421113096757723,0.9396221598161859
