,Original,Finetuned,Fisher,Retrain
0,0.9396918837675351,0.9426143954575819,0.9418837675350702,0.939754509018036
