,Original,Finetuned,Fisher,Retrain
0,0.9390051910475704,0.9427070036592631,0.9416219896179049,0.9397498085269339
