,Original,Finetuned,Fisher,Retrain
0,0.9710909474572694,0.9290989660265879,0.9360624604346909,0.0
