,Original,Finetuned,Fisher,Retrain
0,0.9397072589566845,0.9428346523700111,0.9424729810228917,0.9405582503616714
