,Original,Finetuned,Fisher,Retrain
0,0.9392179388988171,0.942451706237767,0.9416219896179049,0.9394094119649391
