,Original,Finetuned,Fisher,Retrain
0,0.9392179388988171,0.9422815079567697,0.9414092417666582,0.9397072589566845
