,Original,Finetuned,Fisher,Retrain
0,0.9404306016509233,0.9434090715683772,0.9424091566675177,0.9404944260062973
