,Original,Finetuned,Fisher,Retrain
0,0.939754509018036,0.9426978957915831,0.9419255177020708,0.9398588844355378
