,original,finetuned,fisher,retrain
0,10.458612035999977,19.832353167999827,165.55024886899992,12.340797360999204
