,original,finetuned,fisher,retrain
0,11.828005425995798,22.016124166992086,174.4515473139909,12.025647586997366
