,original,finetuned,fisher,retrain
0,10.503639229999862,19.944056813000316,228.90063922600075,12.279328316000829
