,original,finetuned,fisher,retrain
0,11.10235177300001,20.634738263000145,213.22724617099993,10.745641261000856
