,original,finetuned,fisher,retrain
0,10.86367156799679,20.063824190998275,194.94264024199947,11.256619504005357
