,original,finetuned,fisher,retrain
0,9.821115282000392,18.855871123000725,224.12336135999976,11.432494664999467
