,original,finetuned,fisher,retrain
0,23.37770483999998,37.62611860999996,183.11118572800004,38.287506355999994
