,original,finetuned,fisher,retrain
0,11.032498978000149,20.566968241000723,197.7920804430005,11.68894366999939
