,original,finetuned,fisher,retrain
0,11.65587164199951,22.0025183559992,193.87931967199893,12.501687484000286
