,original,finetuned,fisher,retrain
0,11.597512749999623,22.18068642199978,217.71195343099953,11.092623634999654
