,Original,Finetuned,Fisher,Retrain
0,0.9367102990637215,0.9411417143896009,0.940550859012817,0.9411644395964003
