,Original,Finetuned,Fisher,Retrain
0,0.9361839824338379,0.9411764705882353,0.9406217496821911,0.9432566739859009
