,Original,Finetuned,Fisher,Retrain
0,0.9392893230043786,0.942489053553385,0.9416259683395083,0.9398576961940047
