,original,finetuned,fisher,retrain
0,10.543215359999522,20.364953704000072,207.69420935499875,11.060031600000002
