,original,finetuned,fisher,retrain
0,20.91523155599998,128.17333808400008,292.2336609590002,18.766651362000175
