,original,finetuned,fisher,retrain
0,10.392639922998569,19.745009181997375,178.36042630599695,11.368630083001335
